{
  "bottle": 3756.526611328125,
  "cable": 15702.447265625,
  "capsule": 18161.392578125,
  "carpet": 3499.14013671875,
  "grid": 22536.408203125,
  "hazelnut": 3737.395751953125,
  "leather": 16048.580078125,
  "metal_nut": 1676.34619140625,
  "pill": 7701.7255859375,
  "screw": 11934.81640625,
  "tile": 3122.9013671875,
  "toothbrush": 19652792.0,
  "transistor": 19476.9921875,
  "wood": 7794.224609375,
  "zipper": 2074.86083984375
}